[    

    {
        "model": "product.category",
        "pk": "BSDFXPQU",
        "fields": {
            "created": "2023-02-02T20:08:37.938Z",
            "modified": "2023-02-12T08:29:55.503Z",
            "name": "Flower",
            "description": "A flower, sometimes known as a bloom or blossom, is the reproductive structure found in flowering plants (plants of the division Angiospermae).",
            "subtitle": "A flower, sometimes known as a bloom or blossom, i",
            "images": [
                "https://res.cloudinary.com/dhcwfa4vu/image/upload/v1675602784/greenie/Category/Watering-Houseplants_nqxowz.jpg"
            ],
            "active": true
        }
    },
    {
        "model": "product.category",
        "pk": "CQTGXQLU",
        "fields": {
            "created": "2023-02-05T13:28:16.075Z",
            "modified": "2023-02-12T08:29:50.691Z",
            "name": "Summer",
            "description": "Warm-season annuals, from angelonia to zinnias, come into their own, while a seemingly endless parade of perennials and flowering shrubs rpke a wave of continuous bloom.",
            "subtitle": "Summer Plants",
            "images": [
                "https://res.cloudinary.com/dhcwfa4vu/image/upload/v1675602790/greenie/Category/0825a21557a7--PLANT-IN-A-BOX-TEST19158-Banner_bmcjyr.webp"
            ],
            "active": true
        }
    },
    {
        "model": "product.category",
        "pk": "CZDPVWMX",
        "fields": {
            "created": "2023-02-05T13:19:30.755Z",
            "modified": "2023-02-12T08:29:53.251Z",
            "name": "Air Purifier",
            "description": "Here are some of the best air purifier indoor plants in India which produce oxygen during night - sppker plants, Gerbera plant, Aloe vera, Neem bonsai, Tulsi",
            "subtitle": "Air quality",
            "images": [
                "https://res.cloudinary.com/dhcwfa4vu/image/upload/v1675602783/greenie/Category/images_r3ymga.jpg"
            ],
            "active": true
        }
    },
    {
        "model": "product.category",
        "pk": "DUONBUIE",
        "fields": {
            "created": "2023-02-05T13:23:53.747Z",
            "modified": "2023-02-12T08:29:54.273Z",
            "name": "Decor Plant",
            "description": "Explore Succulents and Sunshine | Succ's board \"Home Plant Decor\", followed by 80790 people on Pinterest. See more pkeas about plant decor",
            "subtitle": "Home Plant Decor",
            "images": [
                "https://res.cloudinary.com/dhcwfa4vu/image/upload/v1675602784/greenie/Category/woman-watering-houseplants-royalty-free-image-1616000139_gzkswt.jpg"
            ],
            "active": true
        }
    },
    {
        "model": "product.category",
        "pk": "EMRFZEOO",
        "fields": {
            "created": "2023-02-05T13:25:14.204Z",
            "modified": "2023-02-12T08:29:56.322Z",
            "name": "Rain",
            "description": "Also known as Zephyr lily and fairy lily, growing rain lilies are petite, reaching no more than a foot (30 cm.) in height and rarely getting",
            "subtitle": "tropical wildflower",
            "images": [
                "https://res.cloudinary.com/dhcwfa4vu/image/upload/v1675602783/greenie/Category/images_r3ymga.jpg"
            ],
            "active": true
        }
    },
    {
        "model": "product.category",
        "pk": "EZMAVTWS",
        "fields": {
            "created": "2023-02-05T13:21:57.902Z",
            "modified": "2023-02-12T08:29:49.463Z",
            "name": "Indoor",
            "description": "Plants/ Indoor plants/ Indoor plant decor/ Indoor plant decor inspiration/ Indoor plant decor pkeas. See more pkeas about indoor plants, plants, plant decor.",
            "subtitle": "Indoor Plant for Hotel and Buildings",
            "images": [
                "https://res.cloudinary.com/dhcwfa4vu/image/upload/v1675602790/greenie/Category/Ciccone-Houseplants-Judging-You_tyisjt.webp"
            ],
            "active": true
        }
    },
    {
        "model": "product.category",
        "pk": "HAFTNEJL",
        "fields": {
            "created": "2023-02-05T13:26:24.556Z",
            "modified": "2023-02-12T08:29:52.124Z",
            "name": "Winter",
            "description": "They lend a completely different texture to a winter landscape bed. Plants are hardened by night temperatures they can survive most cold winters.",
            "subtitle": "survive in winter",
            "images": [
                "https://res.cloudinary.com/dhcwfa4vu/image/upload/v1675602784/greenie/Category/retail-space-in-nj_qmvdnc.jpg"
            ],
            "active": true
        }
    },
    {
        "model": "product.product",
        "pk": "BYDLOCNW",
        "fields": {
            "created": "2023-02-11T14:28:45.176Z",
            "modified": "2023-02-12T11:25:58.887Z",
            "name": "Peperomia Green Creeper with Hanging Planter",
            "description": "A rising favourite in the indoor plant world, the peperomia green creeper plants boasts of glossy green heart shaped leaves on thick trailing stems. Excellent for both table tops and hanging baskets, they look especially striking when grown on a trel",
            "price": 1000,
            "stock": 100,
            "is_active": true,
            "images": [
                {
                    "type": "upload",
                    "format": null,
                    "version": null,
                    "metadata": null,
                    "public_pk": "/product_image/Peperomia Green Creeper with Hanging Planter_Summer_BYDLOCNW",
                    "signature": null,
                    "url_options": {},
                    "resource_type": "image"
                }
            ],
            "category": "CQTGXQLU"
        }
    },
    {
        "model": "product.product",
        "pk": "CJKFLGAO",
        "fields": {
            "created": "2023-02-11T14:28:51.579Z",
            "modified": "2023-02-12T11:25:56.484Z",
            "name": "Snake Plant",
            "description": "Dracaena trifasciata is a species of flowering plant in the family Asparagaceae, native to tropical West Africa from Nigeria east to the Congo. It is most commonly known as the snake plant, Saint George's sword, mother-in-law's tongue, and viper's bo",
            "price": 1240,
            "stock": 100,
            "is_active": true,
            "images": [
                {
                    "type": "upload",
                    "format": null,
                    "version": null,
                    "metadata": null,
                    "public_pk": "/product_image/Snake Plant_Air Purifier_CJKFLGAO",
                    "signature": null,
                    "url_options": {},
                    "resource_type": "image"
                }
            ],
            "category": "CZDPVWMX"
        }
    },
    {
        "model": "product.product",
        "pk": "CKYPFCAV",
        "fields": {
            "created": "2023-02-11T14:28:50.391Z",
            "modified": "2023-02-12T11:25:53.374Z",
            "name": "Jade Mini Plant Medium",
            "description": "An improved imported seedless lemon plant that produces a large number of good quality lemons two times in one year., Fruiting: Two times in one",
            "price": 200,
            "stock": 100,
            "is_active": true,
            "images": [
                {
                    "type": "upload",
                    "format": null,
                    "version": null,
                    "metadata": null,
                    "public_pk": "/product_image/Jade Mini Plant Medium_Decor Plant_CKYPFCAV",
                    "signature": null,
                    "url_options": {},
                    "resource_type": "image"
                }
            ],
            "category": "DUONBUIE"
        }
    },
    {
        "model": "product.product",
        "pk": "CSNPUUYH",
        "fields": {
            "created": "2023-02-11T14:28:48.649Z",
            "modified": "2023-02-12T11:26:04.324Z",
            "name": "Monstera Deliciosa Plant",
            "description": "ou might have seen it in a million home d\u00e9cor posts on social media, the absolute reigning king, the Monstera Deliciosa, or the Swiss Cheese Plant is a prepossessing tropical delight with shiny large leaves with natural holes that resemble those in S",
            "price": 1882,
            "stock": 100,
            "is_active": true,
            "images": [
                {
                    "type": "upload",
                    "format": null,
                    "version": null,
                    "metadata": null,
                    "public_pk": "/product_image/Monstera Deliciosa Plant_Indoor_CSNPUUYH",
                    "signature": null,
                    "url_options": {},
                    "resource_type": "image"
                }
            ],
            "category": "EZMAVTWS"
        }
    },
    {
        "model": "product.product",
        "pk": "DNMPHVKG",
        "fields": {
            "created": "2023-02-11T14:28:49.778Z",
            "modified": "2023-02-12T11:25:52.043Z",
            "name": "ZZ Plant - Medium",
            "description": "Topping the list of indestructible houseplants is the Zamioculcas Zamiifolia more popularly known as the ZZ plant. This plant is loved for his easy going and non-demanding nature. The wpke, dark, glossy leaves instantly add life to any interior and h",
            "price": 200,
            "stock": 100,
            "is_active": true,
            "images": [
                {
                    "type": "upload",
                    "format": null,
                    "version": null,
                    "metadata": null,
                    "public_pk": "/product_image/ZZ Plant - Medium_Indoor_DNMPHVKG",
                    "signature": null,
                    "url_options": {},
                    "resource_type": "image"
                }
            ],
            "category": "EZMAVTWS"
        }
    },
    {
        "model": "product.product",
        "pk": "ESMIZVRJ",
        "fields": {
            "created": "2023-02-11T14:28:52.135Z",
            "modified": "2023-02-12T11:25:57.580Z",
            "name": "Decor Plant Medium",
            "description": "An improved imported seedless lemon plant that produces a large number of good quality lemons two times in one year., Fruiting: Two times in one",
            "price": 1221,
            "stock": 100,
            "is_active": true,
            "images": [
                {
                    "type": "upload",
                    "format": null,
                    "version": null,
                    "metadata": null,
                    "public_pk": "/product_image/Decor Plant Medium_Indoor_ESMIZVRJ",
                    "signature": null,
                    "url_options": {},
                    "resource_type": "image"
                }
            ],
            "category": "EZMAVTWS"
        }
    },
    {
        "model": "product.product",
        "pk": "FJCAWCpk",
        "fields": {
            "created": "2023-02-11T14:28:48.034Z",
            "modified": "2023-02-12T11:26:02.895Z",
            "name": "Fpkdle Plant",
            "description": "What's better than the current rockstar of the indoor plant world - Fpkdle leaf fig - a dwarf version of it! This easy to handle and maintain dwarf version of the fpkdle Is great for areas that are a little tight on space and also for new plant paren",
            "price": 1999,
            "stock": 100,
            "is_active": true,
            "images": [
                {
                    "type": "upload",
                    "format": null,
                    "version": null,
                    "metadata": null,
                    "public_pk": "/product_image/Fpkdle Plant_Decor Plant_FJCAWCpk",
                    "signature": null,
                    "url_options": {},
                    "resource_type": "image"
                }
            ],
            "category": "DUONBUIE"
        }
    },
    {
        "model": "product.product",
        "pk": "FKJEEVXM",
        "fields": {
            "created": "2023-02-11T14:28:49.189Z",
            "modified": "2023-02-12T11:26:06.062Z",
            "name": "Lucky Bamboo Plant - 3 Layer",
            "description": "One of the luckiest plants according to Feng Shui is the Lucky Bamboo 3 Layer plant. This easy to grow and inexpensive plant is a popular choice of plant to keep at homes or offices. An excellent and easy to maintain gifting option that is sapk to br",
            "price": 1220,
            "stock": 100,
            "is_active": true,
            "images": [
                {
                    "type": "upload",
                    "format": null,
                    "version": null,
                    "metadata": null,
                    "public_pk": "/product_image/Lucky Bamboo Plant - 3 Layer_Air Purifier_FKJEEVXM",
                    "signature": null,
                    "url_options": {},
                    "resource_type": "image"
                }
            ],
            "category": "CZDPVWMX"
        }
    },
    {
        "model": "product.product",
        "pk": "GLSGKMSL",
        "fields": {
            "created": "2023-02-11T14:28:47.522Z",
            "modified": "2023-02-12T11:26:01.562Z",
            "name": "Lemon Plant",
            "description": "An improved imported seedless lemon plant that produces a large number of good quality lemons two times in one year., Fruiting: Two times in one",
            "price": 20,
            "stock": 100,
            "is_active": true,
            "images": [
                {
                    "type": "upload",
                    "format": null,
                    "version": null,
                    "metadata": null,
                    "public_pk": "/product_image/Lemon Plant_Winter_GLSGKMSL",
                    "signature": null,
                    "url_options": {},
                    "resource_type": "image"
                }
            ],
            "category": "HAFTNEJL"
        }
    },
    {
        "model": "product.product",
        "pk": "GXLHYKXQ",
        "fields": {
            "created": "2023-02-11T14:28:51.004Z",
            "modified": "2023-02-12T11:25:54.896Z",
            "name": "Areca Palm Plant",
            "description": "Once an endangered species, the Areca Palm is a staple in Indian spaces. One of the most undervalued plants in the indoor plant category. This excellent air purifier is pet friendly and easy to grow. Its delicate leaves/fronds grow outwards in a curv",
            "price": 1000,
            "stock": 100,
            "is_active": true,
            "images": [
                {
                    "type": "upload",
                    "format": null,
                    "version": null,
                    "metadata": null,
                    "public_pk": "/product_image/Areca Palm Plant_Flower_GXLHYKXQ",
                    "signature": null,
                    "url_options": {},
                    "resource_type": "image"
                }
            ],
            "category": "BSDFXPQU"
        }
    },
    {
        "model": "product.product",
        "pk": "HMNCYXAH",
        "fields": {
            "created": "2023-02-11T14:28:46.914Z",
            "modified": "2023-02-12T11:25:50.695Z",
            "name": "Piper Betel, Maghai Paan - Plant",
            "description": "(MRP Inclusive of all taxes)      Shipping \u20b9 79 for entire order     Dispatch in 7 days     Country of origin: India",
            "price": 260,
            "stock": 100,
            "is_active": true,
            "images": [
                {
                    "type": "upload",
                    "format": null,
                    "version": null,
                    "metadata": null,
                    "public_pk": "/product_image/Piper Betel, Maghai Paan - Plant_Winter_HMNCYXAH",
                    "signature": null,
                    "url_options": {},
                    "resource_type": "image"
                }
            ],
            "category": "HAFTNEJL"
        }
    },
    {
        "model": "product.product",
        "pk": "KPXLYBDW",
        "fields": {
            "created": "2023-02-11T14:28:46.293Z",
            "modified": "2023-02-12T11:25:49.390Z",
            "name": "Jade Mini Plant",
            "description": "Are you a sucker for succulents? The Crassula Green Mini will be your dream plant kpk. One of the easiest houseplants to look after, the Crassula Green Mini boasts a lush foliage which beautifies any room. Also conspkered lucky as per Feng Shui for i",
            "price": 120,
            "stock": 100,
            "is_active": true,
            "images": [
                {
                    "type": "upload",
                    "format": null,
                    "version": null,
                    "metadata": null,
                    "public_pk": "/product_image/Jade Mini Plant_Winter_KPXLYBDW",
                    "signature": null,
                    "url_options": {},
                    "resource_type": "image"
                }
            ],
            "category": "HAFTNEJL"
        }
    },
    {
        "model": "product.product",
        "pk": "PEIKNERT",
        "fields": {
            "created": "2023-02-11T14:28:45.788Z",
            "modified": "2023-02-12T11:26:00.230Z",
            "name": "Philodendron Congo",
            "description": "Philodendron congo is a large leaved tropical plant with glossy oval shaped leaves that gives an instant jungle feel. The congo is extremely easy to care for and can adapt to almost any indoor growing condition. A great air-purifier the congo can be",
            "price": 2000,
            "stock": 100,
            "is_active": true,
            "images": [
                {
                    "type": "upload",
                    "format": null,
                    "version": null,
                    "metadata": null,
                    "public_pk": "/product_image/Philodendron Congo_Rain_PEIKNERT",
                    "signature": null,
                    "url_options": {},
                    "resource_type": "image"
                }
            ],
            "category": "EMRFZEOO"
        }
    },
    {
        "model": "product.review",
        "pk": 12,
        "fields": {
            "created": "2023-02-11T17:33:53.213Z",
            "modified": "2023-02-11T22:01:01.928Z",
            "title": "sf",
            "description": "desc",
            "rating": 5,
            "product": "PEIKNERT",
            "user": "TRUFDTQO",
            "is_active": true
        }
    },
    {
        "model": "product.review",
        "pk": 13,
        "fields": {
            "created": "2023-02-11T19:42:30.489Z",
            "modified": "2023-02-11T22:01:02.160Z",
            "title": "Stunning Plant",
            "description": "desc",
            "rating": 5,
            "product": "FKJEEVXM",
            "user": "DBSQMZLH",
            "is_active": true
        }
    },
    {
        "model": "product.review",
        "pk": 14,
        "fields": {
            "created": "2023-02-11T19:42:31.053Z",
            "modified": "2023-02-11T22:01:02.390Z",
            "title": "Fast Delivery",
            "description": "desc",
            "rating": 4,
            "product": "PEIKNERT",
            "user": "GZUSFPAP",
            "is_active": true
        }
    },
    {
        "model": "product.review",
        "pk": 15,
        "fields": {
            "created": "2023-02-11T19:42:31.307Z",
            "modified": "2023-02-11T22:01:02.644Z",
            "title": "Lovely Plant",
            "description": "desc",
            "rating": 5,
            "product": "FJCAWCpk",
            "user": "BLTHRQUA",
            "is_active": true
        }
    },
    {
        "model": "product.review",
        "pk": 16,
        "fields": {
            "created": "2023-02-11T19:42:31.922Z",
            "modified": "2023-02-11T22:01:02.951Z",
            "title": "Not as Expected",
            "description": "desc",
            "rating": 2,
            "product": "FKJEEVXM",
            "user": "FMMYJAQR",
            "is_active": true
        }
    },
    {
        "model": "product.review",
        "pk": 19,
        "fields": {
            "created": "2023-02-11T19:42:33.355Z",
            "modified": "2023-02-11T22:01:03.258Z",
            "title": "Not what I expected",
            "description": "desc",
            "rating": 2,
            "product": "DNMPHVKG",
            "user": "BKBREVPH",
            "is_active": true
        }
    },
    {
        "model": "product.review",
        "pk": 20,
        "fields": {
            "created": "2023-02-11T19:42:33.666Z",
            "modified": "2023-02-11T22:01:03.566Z",
            "title": "Amazing service",
            "description": "desc",
            "rating": 5,
            "product": "GLSGKMSL",
            "user": "BQKQQUCM",
            "is_active": true
        }
    },
    {
        "model": "product.review",
        "pk": 21,
        "fields": {
            "created": "2023-02-11T19:42:33.963Z",
            "modified": "2023-02-11T22:01:03.873Z",
            "title": "Arrived damaged",
            "description": "desc",
            "rating": 2,
            "product": "GLSGKMSL",
            "user": "BQSIPCVD",
            "is_active": true
        }
    },
    {
        "model": "product.review",
        "pk": 22,
        "fields": {
            "created": "2023-02-11T19:42:34.584Z",
            "modified": "2023-02-11T22:01:04.181Z",
            "title": "Love my new plant",
            "description": "desc",
            "rating": 5,
            "product": "HMNCYXAH",
            "user": "CGFQCHBL",
            "is_active": true
        }
    },
    {
        "model": "product.review",
        "pk": 23,
        "fields": {
            "created": "2023-02-11T19:42:35.198Z",
            "modified": "2023-02-11T22:01:04.487Z",
            "title": "Poor quality",
            "description": "desc",
            "rating": 2,
            "product": "DNMPHVKG",
            "user": "XGVQQJSY",
            "is_active": true
        }
    },
    {
        "model": "product.review",
        "pk": 25,
        "fields": {
            "created": "2023-02-11T19:42:35.813Z",
            "modified": "2023-02-11T22:01:04.795Z",
            "title": "Not worth the price",
            "description": "desc",
            "rating": 2,
            "product": "KPXLYBDW",
            "user": "BQKQQUCM",
            "is_active": true
        }
    },
    {
        "model": "product.review",
        "pk": 27,
        "fields": {
            "created": "2023-02-11T19:42:36.836Z",
            "modified": "2023-02-11T22:01:05.102Z",
            "title": "Perfect gift",
            "description": "desc",
            "rating": 5,
            "product": "CSNPUUYH",
            "user": "ONNMWRNG",
            "is_active": true
        }
    },
    {
        "model": "product.review",
        "pk": 28,
        "fields": {
            "created": "2023-02-11T19:42:37.143Z",
            "modified": "2023-02-11T22:01:05.409Z",
            "title": "Disappointed",
            "description": "desc",
            "rating": 2,
            "product": "HMNCYXAH",
            "user": "FMMYJAQR",
            "is_active": true
        }
    },
    {
        "model": "product.review",
        "pk": 29,
        "fields": {
            "created": "2023-02-11T19:42:37.451Z",
            "modified": "2023-02-11T22:01:05.716Z",
            "title": "Fantastic purchase",
            "description": "desc",
            "rating": 5,
            "product": "CSNPUUYH",
            "user": "FPLLKYIC",
            "is_active": true
        }
    },
    {
        "model": "product.review",
        "pk": 30,
        "fields": {
            "created": "2023-02-11T19:42:37.758Z",
            "modified": "2023-02-11T22:01:05.946Z",
            "title": "Poor service",
            "description": "desc",
            "rating": 2,
            "product": "GXLHYKXQ",
            "user": "FPLLKYIC",
            "is_active": true
        }
    },
    {
        "model": "product.review",
        "pk": 31,
        "fields": {
            "created": "2023-02-11T19:42:38.373Z",
            "modified": "2023-02-11T22:01:06.234Z",
            "title": "Thriving plant",
            "description": "desc",
            "rating": 5,
            "product": "ESMIZVRJ",
            "user": "DPXMSVGF",
            "is_active": true
        }
    },
    {
        "model": "product.review",
        "pk": 32,
        "fields": {
            "created": "2023-02-11T19:47:59.809Z",
            "modified": "2023-02-11T22:01:06.535Z",
            "title": "Lovely Lavender",
            "description": "desc",
            "rating": 5,
            "product": "HMNCYXAH",
            "user": "FKOLMMTJ",
            "is_active": true
        }
    },
    {
        "model": "product.review",
        "pk": 33,
        "fields": {
            "created": "2023-02-11T19:48:00.321Z",
            "modified": "2023-02-11T22:01:06.842Z",
            "title": "Stunning Succulent",
            "description": "desc",
            "rating": 5,
            "product": "FKJEEVXM",
            "user": "FKOLMMTJ",
            "is_active": true
        }
    },
    {
        "model": "product.review",
        "pk": 34,
        "fields": {
            "created": "2023-02-11T19:48:00.832Z",
            "modified": "2023-02-11T22:01:07.151Z",
            "title": "Thriving Fern",
            "description": "desc",
            "rating": 4,
            "product": "HMNCYXAH",
            "user": "BFWZFYVT",
            "is_active": true
        }
    },
    {
        "model": "product.review",
        "pk": 35,
        "fields": {
            "created": "2023-02-11T19:48:01.060Z",
            "modified": "2023-02-11T22:01:07.382Z",
            "title": "Beautiful Blooms",
            "description": "desc",
            "rating": 5,
            "product": "FKJEEVXM",
            "user": "FKDRQVRD",
            "is_active": true
        }
    },
    {
        "model": "product.review",
        "pk": 36,
        "fields": {
            "created": "2023-02-11T19:48:01.288Z",
            "modified": "2023-02-11T22:01:07.662Z",
            "title": "Lively Monstera",
            "description": "desc",
            "rating": 5,
            "product": "PEIKNERT",
            "user": "DUACMZZG",
            "is_active": true
        }
    },
    {
        "model": "product.review",
        "pk": 37,
        "fields": {
            "created": "2023-02-11T19:48:01.551Z",
            "modified": "2023-02-11T22:01:07.969Z",
            "title": "Vibrant Peace Lily",
            "description": "desc",
            "rating": 4,
            "product": "CJKFLGAO",
            "user": "GKCBZMWI",
            "is_active": true
        }
    },
    {
        "model": "product.review",
        "pk": 38,
        "fields": {
            "created": "2023-02-11T19:48:02.165Z",
            "modified": "2023-02-11T22:01:08.275Z",
            "title": "Healthy Aloe Vera",
            "description": "desc",
            "rating": 5,
            "product": "DNMPHVKG",
            "user": "DANQQAGG",
            "is_active": true
        }
    },
    {
        "model": "product.review",
        "pk": 39,
        "fields": {
            "created": "2023-02-11T19:48:02.711Z",
            "modified": "2023-02-11T22:01:08.582Z",
            "title": "Sturdy Snake Plant",
            "description": "desc",
            "rating": 4,
            "product": "CJKFLGAO",
            "user": "HKRZUBHO",
            "is_active": true
        }
    },
    {
        "model": "product.review",
        "pk": 40,
        "fields": {
            "created": "2023-02-11T19:48:03.215Z",
            "modified": "2023-02-11T22:01:08.875Z",
            "title": "Gorgeous Gardenia",
            "description": "desc",
            "rating": 5,
            "product": "ESMIZVRJ",
            "user": "BFWZFYVT",
            "is_active": true
        }
    },
    {
        "model": "product.review",
        "pk": 41,
        "fields": {
            "created": "2023-02-11T19:48:03.802Z",
            "modified": "2023-02-11T22:01:09.105Z",
            "title": "Majestic Fpkdle Leaf Fig",
            "description": "desc",
            "rating": 5,
            "product": "GLSGKMSL",
            "user": "EMZEHTRN",
            "is_active": true
        }
    },
    {
        "model": "product.review",
        "pk": 42,
        "fields": {
            "created": "2023-02-11T19:48:04.109Z",
            "modified": "2023-02-11T22:01:09.336Z",
            "title": "Vibrant Croton",
            "description": "desc",
            "rating": 5,
            "product": "KPXLYBDW",
            "user": "DUACMZZG",
            "is_active": true
        }
    },
    {
        "model": "product.review",
        "pk": 43,
        "fields": {
            "created": "2023-02-11T19:48:04.725Z",
            "modified": "2023-02-11T22:01:09.607Z",
            "title": "Gorgeous Gerbera Daisy",
            "description": "desc",
            "rating": 5,
            "product": "GXLHYKXQ",
            "user": "DUNLLLDK",
            "is_active": true
        }
    },
    {
        "model": "product.review",
        "pk": 44,
        "fields": {
            "created": "2023-02-11T19:52:16.936Z",
            "modified": "2023-02-11T22:01:09.914Z",
            "title": "Best Purchase",
            "description": "desc",
            "rating": 5,
            "product": "GXLHYKXQ",
            "user": "BQKQQUCM",
            "is_active": true
        }
    },
    {
        "model": "product.review",
        "pk": 45,
        "fields": {
            "created": "2023-02-11T19:52:17.243Z",
            "modified": "2023-02-11T22:01:10.222Z",
            "title": "Good Customer Service",
            "description": "desc",
            "rating": 4,
            "product": "KPXLYBDW",
            "user": "XGVQQJSY",
            "is_active": true
        }
    },
    {
        "model": "product.review",
        "pk": 46,
        "fields": {
            "created": "2023-02-11T19:52:17.550Z",
            "modified": "2023-02-11T22:01:10.529Z",
            "title": "Highly Recommend",
            "description": "desc",
            "rating": 5,
            "product": "KPXLYBDW",
            "user": "DBJKKYMQ",
            "is_active": true
        }
    },
    {
        "model": "product.review",
        "pk": 47,
        "fields": {
            "created": "2023-02-11T19:52:18.170Z",
            "modified": "2023-02-11T22:01:10.837Z",
            "title": "Lovely Plants",
            "description": "desc",
            "rating": 5,
            "product": "DNMPHVKG",
            "user": "FMMYJAQR",
            "is_active": true
        }
    },
    {
        "model": "product.review",
        "pk": 48,
        "fields": {
            "created": "2023-02-11T19:52:18.402Z",
            "modified": "2023-02-11T22:01:11.068Z",
            "title": "Easy to Use",
            "description": "desc",
            "rating": 5,
            "product": "PEIKNERT",
            "user": "CGFQCHBL",
            "is_active": true
        }
    },
    {
        "model": "product.review",
        "pk": 49,
        "fields": {
            "created": "2023-02-11T19:52:18.987Z",
            "modified": "2023-02-11T22:01:11.299Z",
            "title": "Great Selection",
            "description": "desc",
            "rating": 5,
            "product": "FKJEEVXM",
            "user": "DBSQMZLH",
            "is_active": true
        }
    },
    {
        "model": "product.review",
        "pk": 50,
        "fields": {
            "created": "2023-02-11T19:52:19.500Z",
            "modified": "2023-02-11T22:01:11.528Z",
            "title": "Quick Delivery",
            "description": "desc",
            "rating": 4,
            "product": "HMNCYXAH",
            "user": "FMMYJAQR",
            "is_active": true
        }
    },
    {
        "model": "product.review",
        "pk": 51,
        "fields": {
            "created": "2023-02-11T19:52:20.111Z",
            "modified": "2023-02-11T22:01:11.860Z",
            "title": "Good Quality",
            "description": "desc",
            "rating": 5,
            "product": "KPXLYBDW",
            "user": "DUACMZZG",
            "is_active": true
        }
    },
    {
        "model": "product.review",
        "pk": 52,
        "fields": {
            "created": "2023-02-11T19:52:20.646Z",
            "modified": "2023-02-11T22:01:12.091Z",
            "title": "Easy Purchase",
            "description": "desc",
            "rating": 5,
            "product": "FKJEEVXM",
            "user": "BKBREVPH",
            "is_active": true
        }
    },
    {
        "model": "product.review",
        "pk": 53,
        "fields": {
            "created": "2023-02-11T19:52:20.945Z",
            "modified": "2023-02-11T22:01:12.372Z",
            "title": "Happy Customer",
            "description": "desc",
            "rating": 5,
            "product": "FJCAWCpk",
            "user": "ONNMWRNG",
            "is_active": true
        }
    },
    {
        "model": "product.review",
        "pk": 54,
        "fields": {
            "created": "2023-02-11T19:52:21.550Z",
            "modified": "2023-02-11T22:01:12.679Z",
            "title": "Good Value",
            "description": "desc",
            "rating": 5,
            "product": "CKYPFCAV",
            "user": "FPLLKYIC",
            "is_active": true
        }
    },
    {
        "model": "product.review",
        "pk": 55,
        "fields": {
            "created": "2023-02-11T19:52:22.159Z",
            "modified": "2023-02-11T22:01:12.986Z",
            "title": "Highly Satisfied",
            "description": "desc",
            "rating": 5,
            "product": "FJCAWCpk",
            "user": "BFWZFYVT",
            "is_active": true
        }
    },
    {
        "model": "product.review",
        "pk": 56,
        "fields": {
            "created": "2023-02-11T19:52:22.773Z",
            "modified": "2023-02-11T22:01:13.295Z",
            "title": "Lovely Packaging",
            "description": "desc",
            "rating": 5,
            "product": "CJKFLGAO",
            "user": "BKBREVPH",
            "is_active": true
        }
    },
    {
        "model": "product.review",
        "pk": 57,
        "fields": {
            "created": "2023-02-11T19:52:23.387Z",
            "modified": "2023-02-11T22:01:13.601Z",
            "title": "Positive Experience",
            "description": "desc",
            "rating": 5,
            "product": "CKYPFCAV",
            "user": "BOSYAMJG",
            "is_active": true
        }
    },
    {
        "model": "product.review",
        "pk": 58,
        "fields": {
            "created": "2023-02-11T19:52:23.695Z",
            "modified": "2023-02-11T22:01:13.913Z",
            "title": "Quality Plants",
            "description": "desc",
            "rating": 5,
            "product": "HMNCYXAH",
            "user": "HKRZUBHO",
            "is_active": true
        }
    },
    {
        "model": "product.review",
        "pk": 59,
        "fields": {
            "created": "2023-02-11T19:52:24.309Z",
            "modified": "2023-02-11T22:01:14.143Z",
            "title": "Good Selection",
            "description": "desc",
            "rating": 4,
            "product": "HMNCYXAH",
            "user": "FPLLKYIC",
            "is_active": true
        }
    },
    {
        "model": "product.review",
        "pk": 60,
        "fields": {
            "created": "2023-02-11T19:52:24.622Z",
            "modified": "2023-02-11T22:01:14.422Z",
            "title": "Satisfied Customer",
            "description": "desc",
            "rating": 5,
            "product": "PEIKNERT",
            "user": "DANQQAGG",
            "is_active": true
        }
    },
    {
        "model": "product.review",
        "pk": 61,
        "fields": {
            "created": "2023-02-11T22:59:49.655Z",
            "modified": "2023-02-11T22:59:49.655Z",
            "title": "ds",
            "description": "desc",
            "rating": 4,
            "product": "FJCAWCpk",
            "user": "CAIQUFWP",
            "is_active": true
        }
    },
    {
        "model": "product.review",
        "pk": 62,
        "fields": {
            "created": "2023-02-12T08:02:52.648Z",
            "modified": "2023-02-12T08:02:52.648Z",
            "title": "I recently purchased a beautiful plant from this website and I couldn't be happier with my experience.",
            "description": "desc",
            "rating": 4,
            "product": "CKYPFCAV",
            "user": "CAIQUFWP",
            "is_active": true
        }
    },
    {
        "model": "order.order",
        "pk": "BBGUBGCR",
        "fields": {
            "created": "2023-02-19T19:12:53.764Z",
            "modified": "2023-02-19T19:13:34.066Z",
            "user": "CAIQUFWP",
            "product": "ESMIZVRJ",
            "status": "VIEWED",
            "is_active": true
        }
    },
    {
        "model": "order.order",
        "pk": "BEFFTPND",
        "fields": {
            "created": "2023-02-19T18:27:05.533Z",
            "modified": "2023-02-19T18:27:28.314Z",
            "user": "CAIQUFWP",
            "product": "CJKFLGAO",
            "status": "PAYMENT_DONE",
            "is_active": true
        }
    },
    {
        "model": "order.order",
        "pk": "BEISSDKV",
        "fields": {
            "created": "2023-02-19T19:20:32.077Z",
            "modified": "2023-02-19T19:20:55.073Z",
            "user": "CAIQUFWP",
            "product": "ESMIZVRJ",
            "status": "PAYMENT_DONE",
            "is_active": true
        }
    },
    {
        "model": "order.order",
        "pk": "BTWHFRYE",
        "fields": {
            "created": "2023-02-19T18:30:53.266Z",
            "modified": "2023-02-19T18:33:46.976Z",
            "user": "CAIQUFWP",
            "product": "HMNCYXAH",
            "status": "PAYMENT_DONE",
            "is_active": true
        }
    },
    {
        "model": "order.order",
        "pk": "CGUOCEVY",
        "fields": {
            "created": "2023-02-19T19:00:40.479Z",
            "modified": "2023-02-19T19:01:27.032Z",
            "user": "CAIQUFWP",
            "product": "PEIKNERT",
            "status": "PAYMENT_DONE",
            "is_active": true
        }
    },
    {
        "model": "order.order",
        "pk": "CHZTQOMN",
        "fields": {
            "created": "2023-04-02T16:15:02.453Z",
            "modified": "2023-04-15T15:29:46.109Z",
            "user": "CAIQUFWP",
            "product": "HMNCYXAH",
            "status": "VIEWED",
            "is_active": true
        }
    },
    {
        "model": "order.order",
        "pk": "CKSFWXDC",
        "fields": {
            "created": "2023-02-19T19:15:57.155Z",
            "modified": "2023-02-19T19:16:55.326Z",
            "user": "CAIQUFWP",
            "product": "BYDLOCNW",
            "status": "PAYMENT_DONE",
            "is_active": true
        }
    },
    {
        "model": "order.order",
        "pk": "CLRUTIFZ",
        "fields": {
            "created": "2023-02-19T19:12:54.499Z",
            "modified": "2023-02-19T19:13:34.319Z",
            "user": "CAIQUFWP",
            "product": "CJKFLGAO",
            "status": "VIEWED",
            "is_active": true
        }
    },
    {
        "model": "order.order",
        "pk": "CNHRMAHI",
        "fields": {
            "created": "2023-04-09T07:38:09.780Z",
            "modified": "2023-04-15T15:29:46.429Z",
            "user": "CAIQUFWP",
            "product": "HMNCYXAH",
            "status": "VIEWED",
            "is_active": true
        }
    },
    {
        "model": "order.order",
        "pk": "CRYUAVGS",
        "fields": {
            "created": "2023-04-15T15:32:35.958Z",
            "modified": "2023-04-15T15:33:04.894Z",
            "user": "CAIQUFWP",
            "product": "HMNCYXAH",
            "status": "VIEWED",
            "is_active": true
        }
    },
    {
        "model": "order.order",
        "pk": "CZKQCHWA",
        "fields": {
            "created": "2023-03-08T18:39:13.313Z",
            "modified": "2023-04-15T15:29:45.928Z",
            "user": "CAIQUFWP",
            "product": "ESMIZVRJ",
            "status": "VIEWED",
            "is_active": true
        }
    },
    {
        "model": "order.order",
        "pk": "DCDAYFSC",
        "fields": {
            "created": "2023-02-19T19:16:02.299Z",
            "modified": "2023-02-19T19:16:54.564Z",
            "user": "CAIQUFWP",
            "product": "BYDLOCNW",
            "status": "PAYMENT_DONE",
            "is_active": true
        }
    },
    {
        "model": "order.order",
        "pk": "DCTMRSLS",
        "fields": {
            "created": "2023-04-15T17:31:30.799Z",
            "modified": "2023-04-15T17:32:05.148Z",
            "user": "CAIQUFWP",
            "product": "HMNCYXAH",
            "status": "VIEWED",
            "is_active": true
        }
    },
    {
        "model": "order.order",
        "pk": "DDLXDTLD",
        "fields": {
            "created": "2023-02-19T19:14:00.829Z",
            "modified": "2023-02-19T19:16:54.870Z",
            "user": "CAIQUFWP",
            "product": "ESMIZVRJ",
            "status": "PAYMENT_DONE",
            "is_active": true
        }
    },
    {
        "model": "order.order",
        "pk": "DIXMGHWE",
        "fields": {
            "created": "2023-02-19T18:30:54.731Z",
            "modified": "2023-02-19T18:33:46.974Z",
            "user": "CAIQUFWP",
            "product": "ESMIZVRJ",
            "status": "PAYMENT_DONE",
            "is_active": true
        }
    },
    {
        "model": "order.order",
        "pk": "DJMQWRIT",
        "fields": {
            "created": "2023-02-19T19:15:58.956Z",
            "modified": "2023-02-19T19:16:55.818Z",
            "user": "CAIQUFWP",
            "product": "CJKFLGAO",
            "status": "PAYMENT_DONE",
            "is_active": true
        }
    },
    {
        "model": "order.order",
        "pk": "DLIISIEI",
        "fields": {
            "created": "2023-02-19T19:16:00.764Z",
            "modified": "2023-02-19T19:16:54.255Z",
            "user": "CAIQUFWP",
            "product": "CJKFLGAO",
            "status": "PAYMENT_DONE",
            "is_active": true
        }
    },
    {
        "model": "order.order",
        "pk": "DOHYWXDY",
        "fields": {
            "created": "2023-02-20T16:36:16.455Z",
            "modified": "2023-03-08T17:42:12.332Z",
            "user": "CAIQUFWP",
            "product": "CJKFLGAO",
            "status": "PAYMENT_DONE",
            "is_active": true
        }
    },
    {
        "model": "order.order",
        "pk": "DVIQVGYV",
        "fields": {
            "created": "2023-02-19T18:26:48.812Z",
            "modified": "2023-02-19T18:27:28.308Z",
            "user": "CAIQUFWP",
            "product": "BYDLOCNW",
            "status": "PAYMENT_DONE",
            "is_active": true
        }
    },
    {
        "model": "order.order",
        "pk": "EEXXPRFQ",
        "fields": {
            "created": "2023-02-19T19:20:30.555Z",
            "modified": "2023-02-19T19:20:55.068Z",
            "user": "CAIQUFWP",
            "product": "CJKFLGAO",
            "status": "PAYMENT_DONE",
            "is_active": true
        }
    },
    {
        "model": "order.order",
        "pk": "EHPZPREA",
        "fields": {
            "created": "2023-02-19T18:26:49.872Z",
            "modified": "2023-02-19T18:27:28.310Z",
            "user": "CAIQUFWP",
            "product": "ESMIZVRJ",
            "status": "PAYMENT_DONE",
            "is_active": true
        }
    },
    {
        "model": "order.order",
        "pk": "EJQXOVGB",
        "fields": {
            "created": "2023-02-19T19:20:38.555Z",
            "modified": "2023-02-19T19:20:55.078Z",
            "user": "CAIQUFWP",
            "product": "BYDLOCNW",
            "status": "PAYMENT_DONE",
            "is_active": true
        }
    },
    {
        "model": "order.order",
        "pk": "ELBOJDDX",
        "fields": {
            "created": "2023-02-19T18:23:15.698Z",
            "modified": "2023-02-19T18:23:40.796Z",
            "user": "CAIQUFWP",
            "product": "BYDLOCNW",
            "status": "VIEWED",
            "is_active": true
        }
    },
    {
        "model": "order.order",
        "pk": "EOXGXFFW",
        "fields": {
            "created": "2023-04-15T17:35:11.908Z",
            "modified": "2023-04-15T17:36:02.766Z",
            "user": "CAIQUFWP",
            "product": "HMNCYXAH",
            "status": "VIEWED",
            "is_active": true
        }
    },
    {
        "model": "order.order",
        "pk": "ETBHMGMT",
        "fields": {
            "created": "2023-02-19T18:32:59.874Z",
            "modified": "2023-02-19T18:33:46.971Z",
            "user": "CAIQUFWP",
            "product": "CJKFLGAO",
            "status": "PAYMENT_DONE",
            "is_active": true
        }
    },
    {
        "model": "order.order",
        "pk": "ETFOCUTR",
        "fields": {
            "created": "2023-02-19T18:27:01.776Z",
            "modified": "2023-02-19T18:27:28.312Z",
            "user": "CAIQUFWP",
            "product": "PEIKNERT",
            "status": "PAYMENT_DONE",
            "is_active": true
        }
    },
    {
        "model": "order.order",
        "pk": "ETQLWNYO",
        "fields": {
            "created": "2023-02-19T19:00:44.372Z",
            "modified": "2023-02-19T19:01:26.723Z",
            "user": "CAIQUFWP",
            "product": "ESMIZVRJ",
            "status": "PAYMENT_DONE",
            "is_active": true
        }
    },
    {
        "model": "order.order",
        "pk": "EVHMDRDO",
        "fields": {
            "created": "2023-02-19T18:23:54.622Z",
            "modified": "2023-02-19T18:24:15.593Z",
            "user": "CAIQUFWP",
            "product": "BYDLOCNW",
            "status": "VIEWED",
            "is_active": true
        }
    },
    {
        "model": "order.order",
        "pk": "EXVTTPZB",
        "fields": {
            "created": "2023-02-19T19:20:31.460Z",
            "modified": "2023-02-19T19:20:55.071Z",
            "user": "CAIQUFWP",
            "product": "ESMIZVRJ",
            "status": "PAYMENT_DONE",
            "is_active": true
        }
    },
    {
        "model": "order.order",
        "pk": "FEUAGQJS",
        "fields": {
            "created": "2023-02-19T19:14:02.537Z",
            "modified": "2023-02-19T19:16:55.099Z",
            "user": "CAIQUFWP",
            "product": "CJKFLGAO",
            "status": "PAYMENT_DONE",
            "is_active": true
        }
    },
    {
        "model": "order.order",
        "pk": "FIMBBZBF",
        "fields": {
            "created": "2023-02-19T19:15:59.866Z",
            "modified": "2023-02-19T19:16:53.948Z",
            "user": "CAIQUFWP",
            "product": "HMNCYXAH",
            "status": "PAYMENT_DONE",
            "is_active": true
        }
    },
    {
        "model": "order.order",
        "pk": "FOUTOAEI",
        "fields": {
            "created": "2023-02-19T19:20:34.178Z",
            "modified": "2023-02-19T19:20:55.076Z",
            "user": "CAIQUFWP",
            "product": "HMNCYXAH",
            "status": "PAYMENT_DONE",
            "is_active": true
        }
    },
    {
        "model": "order.order",
        "pk": "FRHPFWNM",
        "fields": {
            "created": "2023-02-19T19:15:57.947Z",
            "modified": "2023-02-19T19:16:55.588Z",
            "user": "CAIQUFWP",
            "product": "ESMIZVRJ",
            "status": "PAYMENT_DONE",
            "is_active": true
        }
    },
    {
        "model": "order.order",
        "pk": "GBCZBUUK",
        "fields": {
            "created": "2023-02-20T16:13:04.075Z",
            "modified": "2023-02-20T16:13:18.406Z",
            "user": "CAIQUFWP",
            "product": "ESMIZVRJ",
            "status": "VIEWED",
            "is_active": true
        }
    },
    {
        "model": "order.order",
        "pk": "GCETGAUW",
        "fields": {
            "created": "2023-02-19T18:23:55.808Z",
            "modified": "2023-02-19T18:24:15.595Z",
            "user": "CAIQUFWP",
            "product": "ESMIZVRJ",
            "status": "VIEWED",
            "is_active": true
        }
    },
    {
        "model": "order.order",
        "pk": "GPRKUBDL",
        "fields": {
            "created": "2023-04-05T14:35:20.448Z",
            "modified": "2023-04-15T15:29:46.269Z",
            "user": "CAIQUFWP",
            "product": "CJKFLGAO",
            "status": "VIEWED",
            "is_active": true
        }
    },
    {
        "model": "order.order",
        "pk": "GQREDJBY",
        "fields": {
            "created": "2023-02-20T16:36:18.327Z",
            "modified": "2023-03-08T17:42:12.736Z",
            "user": "CAIQUFWP",
            "product": "ESMIZVRJ",
            "status": "PAYMENT_DONE",
            "is_active": true
        }
    },
    {
        "model": "order.order",
        "pk": "GRMPRNYC",
        "fields": {
            "created": "2023-02-19T18:30:52.128Z",
            "modified": "2023-02-19T18:33:46.968Z",
            "user": "CAIQUFWP",
            "product": "CJKFLGAO",
            "status": "PAYMENT_DONE",
            "is_active": true
        }
    },
    {
        "model": "order.order",
        "pk": "GWBXHBXK",
        "fields": {
            "created": "2023-02-19T18:23:15.967Z",
            "modified": "2023-02-19T18:23:40.799Z",
            "user": "CAIQUFWP",
            "product": "ESMIZVRJ",
            "status": "VIEWED",
            "is_active": true
        }
    },
    {
        "model": "order.order",
        "pk": "HAMLLSGA",
        "fields": {
            "created": "2023-02-19T19:11:38.062Z",
            "modified": "2023-02-19T19:12:16.494Z",
            "user": "CAIQUFWP",
            "product": "PEIKNERT",
            "status": "VIEWED",
            "is_active": true
        }
    },
    {
        "model": "order.order",
        "pk": "HHRXCECT",
        "fields": {
            "created": "2023-02-19T19:20:32.790Z",
            "modified": "2023-02-19T19:20:55.074Z",
            "user": "CAIQUFWP",
            "product": "BYDLOCNW",
            "status": "PAYMENT_DONE",
            "is_active": true
        }
    },
    {
        "model": "order.order",
        "pk": "HJTOFISU",
        "fields": {
            "created": "2023-04-15T15:55:50.291Z",
            "modified": "2023-04-15T15:56:58.698Z",
            "user": "CAIQUFWP",
            "product": "HMNCYXAH",
            "status": "VIEWED",
            "is_active": true
        }
    },
    {
        "model": "order.order",
        "pk": "HLACDQXP",
        "fields": {
            "created": "2023-02-20T16:36:20.395Z",
            "modified": "2023-03-08T17:42:11.920Z",
            "user": "CAIQUFWP",
            "product": "BYDLOCNW",
            "status": "PAYMENT_DONE",
            "is_active": true
        }
    },
    {
        "model": "order.order",
        "pk": "JQJTCYBO",
        "fields": {
            "created": "2023-04-15T15:32:39.355Z",
            "modified": "2023-04-15T15:33:05.055Z",
            "user": "CAIQUFWP",
            "product": "HMNCYXAH",
            "status": "VIEWED",
            "is_active": true
        }
    },
    {
        "model": "order.order",
        "pk": "KAOZMXXE",
        "fields": {
            "created": "2023-04-15T17:03:43.463Z",
            "modified": "2023-04-15T17:04:41.189Z",
            "user": "CAIQUFWP",
            "product": "HMNCYXAH",
            "status": "VIEWED",
            "is_active": true
        }
    },
    {
        "model": "order.order",
        "pk": "KILVVMCF",
        "fields": {
            "created": "2023-02-20T16:12:58.572Z",
            "modified": "2023-02-20T16:13:15.273Z",
            "user": "CAIQUFWP",
            "product": "CJKFLGAO",
            "status": "VIEWED",
            "is_active": true
        }
    },
    {
        "model": "order.order",
        "pk": "KOFXJGIS",
        "fields": {
            "created": "2023-02-19T18:33:11.947Z",
            "modified": "2023-02-19T18:33:46.972Z",
            "user": "CAIQUFWP",
            "product": "CJKFLGAO",
            "status": "PAYMENT_DONE",
            "is_active": true
        }
    },
    {
        "model": "order.order",
        "pk": "XNWZHNYK",
        "fields": {
            "created": "2023-02-19T19:00:43.449Z",
            "modified": "2023-02-19T19:01:26.402Z",
            "user": "CAIQUFWP",
            "product": "BYDLOCNW",
            "status": "PAYMENT_DONE",
            "is_active": true
        }
    }
]